gathering	docs/GALLERY-REFACTORING.md	ok	gathering		Y		30e82e4cafc4
gathering	docs/CONTENT_INGESTION_MATRIX.md	ok	gathering		Y		072b6b2da74c
gathering	docs/gathering-site-map.md	ok	gathering		Y		7f063992d703
gathering	docs/SITE_MAP.md	ok	gathering		Y		e70d5b6ceeeb
gathering	docs/OWNER_PERSONA.md	ok	gathering		Y		c0ead4b14ce0
gathering	docs/USER_CAPABILITIES.md	ok	gathering		Y		7761a1a0dfff
gathering	docs/C4-ARCHITECTURE.md	ok	gathering		Y		2335bc6937ca
gathering	docs/API.md	ok	gathering		Y		1740f5c7db91
gathering	docs/GUARDRAILS.md	ok	gathering		Y		ee28561906cf
gathering	docs/IDEA_PROJECT_LIFECYCLE.md	ok	gathering		Y		3b951ca029d1
gathering	docs/PRODUCT_VISION.md	ok	gathering		Y		16ccf11e2fcf
gathering	docs/CONCEPTUAL_MODEL.md	ok	gathering		Y		6f2a87aa6f47
gathering	docs/ARCHITECTURE_DECISIONS.md	ok	gathering		Y		9005e4bec7b6
gathering	docs/SCALING_RDF_TRIPLES.md	ok	gathering		Y		0c18969acb87
gathering	docs/UNIFIED_INDEX_ARCHITECTURE.md	ok	gathering		Y		b2386e0c76f4
gathering	docs/fuseki-rebuild-diagram.html	ok	gathering		Y		c0d30cbffafc
gathering	docs/GLOSSARY.md	ok	gathering		Y		cd6de76a9371
gathering	docs/WORDPRESS-INTEGRATION.md	ok	gathering		Y		a931dc341fe4
gathering	docs/TESTING.md	ok	gathering		Y		580bab64dc95
gathering	docs/PUBLIC_ACCESS.md	ok	gathering		Y		e3747413d98f
gathering	docs/SOLID-AUTHENTICATION.md	ok	gathering		Y		6c383790affb
gathering	docs/HEIDEGGER_GATHERING_RESEARCH.md	ok	gathering		Y		e361ac6ee1d2
gathering	docs/BOOK_CATALOG_WORKFLOW.md	ok	gathering		Y		af1d5d1665b3
gathering	docs/gathering-vision-synthesis.md	ok	gathering		Y		edb46016251f
gathering	docs/ONTOLOGY_STATUS.md	ok	gathering		Y		4df48e052029
gathering	docs/SYSTEM_ARCHITECTURE.md	ok	gathering		Y		f0f4d4f2fbf7
gathering	docs/SOLID_PODS_RESEARCH.md	ok	gathering		Y		b31d08974a3d
gathering	docs/GATHERING_VISION.md	ok	gathering		Y		a0649371a428
gathering	docs/INFRASTRUCTURE.md	ok	gathering		Y		ab13baf053ab
gathering	docs/STARTUP_PROCESS.md	ok	gathering		Y		0b2eed6b64db
gathering	docs/DECISIONS.md	ok	gathering		Y		34393184de10
gathering	docs/ACCESS_CONTROL_MATRIX.md	ok	gathering		Y		f9787ed1fee2
gathering	public/lightlife.html	ok	gathering		Y		43a1b90e5474
gathering	public/operations.html	ok	gathering		Y		19837f74c691
gathering	public/flow-map.html	ok	gathering		Y		c2946533cd30
gathering	public/werk-process.html	ok	gathering		Y		e9546b619cff
gathering	public/gathering-chorus.html	ok	gathering		Y		e4552d16fc39
gathering	public/value-stream-render.html	ok	gathering		Y		df9ca6508ba2
gathering	public/attention-analytics.html	ok	gathering		Y		6596781df8a1
gathering	public/garden-observability.html	ok	gathering		Y		3064a1b07177
gathering	public/akasha/proposal.html	ok	akasha		Y		f435fffff1a2
gathering	public/akasha/index.html	ok	akasha		Y		1de09338b860
gathering	public/akasha/about.html	ok	akasha		Y		23f730d29911
gathering	public/akasha/contact.html	ok	akasha		Y		04b5e7cbb7c0
gathering	public/akasha/schedule.html	ok	akasha		Y		9fd44e7d37ce
gathering	public/akasha/value-stream.html	ok	akasha		Y		41f01efab13b
gathering	public/akasha/services.html	ok	akasha		Y		fd3288a130ad
gathering	public/akasha/site.html	ok	akasha		Y		a94b58d24421
gathering	public/self-relationships.html	ok	gathering		Y		50e0987e8397
gathering	public/dpor-report.html	ok	gathering		Y		74fcf71eafe4
gathering	public/wardley-map.html	ok	gathering		Y		ae9a440a8cf9
gathering	public/basement-garden.html	ok	gathering		Y		29339d206d9a
gathering	public/gathering-docs/awareness-service-design.html	ok	gathering		Y		cf6262f721d2
gathering	public/gathering-docs/c4-convergence-tier.html	ok	gathering		Y		af630833d2a6
gathering	public/gathering-docs/domain-context-awareness.html	ok	gathering		Y		530f490209a4
gathering	public/gathering-docs/bdd-seeds.html	ok	gathering		Y		7f44b2f5c2e0
gathering	public/gathering-docs/domain-blog.html	ok	gathering		Y		19296c83f872
gathering	public/gathering-docs/garden-setup-flow.html	ok	gathering		Y		3f76619050cb
gathering	public/gathering-docs/werk-process.html	ok	gathering		Y		10eeb0a743fe
gathering	public/gathering-docs/cheat-sheet.html	ok	gathering		Y		63935de7ee50
gathering	public/gathering-docs/research-actor-bdd-agents.html	ok	gathering		Y		9b777b0905df
gathering	public/gathering-docs/domain-books.html	ok	gathering		Y		38116ffb2ff0
gathering	public/gathering-docs/domain-notes.html	ok	gathering		Y		97f3a504bb02
gathering	public/gathering-docs/interaction-pattern-history.html	ok	gathering		Y		c213eff80cf6
gathering	public/gathering-docs/gathering-positioning.html	ok	gathering		Y		fc49816b2c00
gathering	public/gathering-docs/actor-diagram-nudge.html	ok	gathering		Y		2dec5eab0dd4
gathering	public/gathering-docs/team-reliability-analysis.html	ok	gathering		Y		2e74de820312
gathering	public/gathering-docs/domain-context-seeds.html	ok	gathering		Y		abd879ea72c7
gathering	public/gathering-docs/observability-service-design.html	ok	gathering		Y		7e792ea0e126
gathering	public/gathering-docs/harness-engineering-chorus.html	ok	gathering		Y		9479d86aad48
gathering	public/gathering-docs/pair-flow-sequence.html	ok	gathering		Y		f978dbf280e8
gathering	public/gathering-docs/domain-glimmers.html	ok	gathering		Y		c720d33d04c6
gathering	public/gathering-docs/quality-service.html	ok	gathering		Y		56d6446a11bb
gathering	public/gathering-docs/design-gate-definitions.html	ok	gathering		Y		0cf1d4dd2052
gathering	public/gathering-docs/domain-cooking.html	ok	gathering		Y		70466e3fd1c3
gathering	public/gathering-docs/home-cloud.html	ok	gathering		Y		6f5d1d26b44b
gathering	public/gathering-docs/pulse-service-design.html	ok	gathering		Y		4231f1b11003
gathering	public/gathering-docs/domain-seeds.html	ok	gathering		Y		d381d6bfd102
gathering	public/gathering-docs/domain-stories.html	ok	gathering		Y		864a9f128d23
gathering	public/gathering-docs/service-design-page.html	ok	gathering		Y		4e3e3f7eb0c3
gathering	public/gathering-docs/competing-implementations-audit.html	ok	gathering		Y		b72441b13f5e
gathering	public/gathering-docs/framework-service-design.html	ok	gathering		Y		c328100bea47
gathering	public/gathering-docs/ax.html	ok	gathering		Y		55252679492d
gathering	public/gathering-docs/definition-of-done.html	ok	gathering		Y		405cae4027a9
gathering	public/gathering-docs/gathering-roadmap.html	ok	gathering		Y		2a4d096decea
gathering	public/gathering-docs/domain-mockup-cards.html	ok	gathering		Y		f688dfbe76c2
gathering	public/gathering-docs/domain-gallery.html	ok	gathering		Y		a4c65276d3eb
gathering	public/gathering-docs/domain-self.html	ok	gathering		Y		b436ea98f2e9
gathering	public/gathering-docs/board-triage.html	ok	gathering		Y		bf801ab48a88
gathering	public/gathering-docs/log-topology.html	ok	gathering		Y		4277b3d7b294
gathering	public/gathering-docs/nudge-service-design.html	ok	gathering		Y		c7c1fb7cd007
gathering	public/gathering-docs/posture-strip.html	ok	gathering		Y		0bab784199fb
gathering	public/gathering-docs/domain-index.html	ok	gathering		Y		54a4a1e75646
gathering	public/gathering-docs/org-design.html	ok	gathering		Y		8f3372efc9c1
gathering	public/gathering-docs/log-relatedness.html	ok	gathering		Y		a8e31cf4a85d
gathering	public/gathering-docs/domain-observability.html	ok	gathering		Y		93023bb78fe1
gathering	public/gathering-docs/system-model-thinking.html	ok	gathering		Y		daf71e795f7a
gathering	public/gathering-docs/demo-plan-1641.html	ok	gathering		Y		d64cd3b7d768
gathering	public/gathering-docs/photo-serving-model.md	ok	gathering		Y		fef5437dc517
gathering	public/gathering-docs/domain-reading.html	ok	gathering		Y		0f947bfbb168
gathering	public/gathering-docs/owl-design-assessment.html	ok	gathering		Y		f404bdb0a1d8
gathering	public/gathering-docs/domain-loom.html	ok	gathering		Y		d359e584eeaa
gathering	public/gathering-docs/domain-knowledge-graph.html	ok	gathering		Y		b62e229708da
gathering	public/gathering-docs/domain-context-observability.html	ok	gathering		Y		72bf8e8018ec
gathering	public/gathering-docs/observing-value.html	ok	gathering		Y		2b6b6fc5b2c5
gathering	public/gathering-docs/domain-people.html	ok	gathering		Y		6a10bc843028
gathering	public/gathering-docs/genome-visualization.html	ok	gathering		Y		28bf6e389c7c
gathering	public/gathering-docs/domain-search.html	ok	gathering		Y		53235a77286d
gathering	public/gathering-docs/roles-service-design.html	ok	gathering		Y		12467bec3941
gathering	public/gathering-docs/card-type-spec.html	ok	gathering		Y		9084f76795ba
gathering	public/gathering-docs/infrastructure-service-design.html	ok	gathering		Y		c2af36ef53c6
gathering	public/gathering-docs/good-borg.html	ok	gathering		Y		7132ab2c8b30
gathering	public/gathering-docs/domain-music.html	ok	gathering		Y		d2e696bd95e0
gathering	public/gathering-docs/service-design-pulse.html	ok	gathering		Y		e82b991f907a
gathering	public/gathering-docs/origin-analysis.html	ok	gathering		Y		f7808fd7c77e
gathering	public/gathering-docs/operating-model.html	ok	gathering		Y		e94a62304bcf
gathering	public/gathering-docs/quality-service-design.html	ok	gathering		Y		5901dce0800a
gathering	public/gathering-docs/claude-hooks.html	ok	gathering		Y		f648e32de147
gathering	public/gathering-docs/domain-social.html	ok	gathering		Y		fc32047a44c8
gathering	public/gathering-docs/seeds-service-design.html	ok	gathering		Y		82a61c42063d
gathering	public/gathering-docs/tech-stack.html	ok	gathering		Y		8c037b55b51f
gathering	public/gathering-docs/photos-source-diff.html	ok	gathering		Y		047eb2833bd8
gathering	public/gathering-docs/protocol-stack.html	ok	gathering		Y		41cbb1da3223
gathering	public/gathering-docs/skill-lifecycle.html	ok	gathering		Y		16b139ba4ee6
gathering	public/gathering-docs/photos-source-richness-scorecard.md	ok	gathering		Y		cb5e6295ac8d
gathering	public/gathering-docs/blockverse-shared-awareness.html	ok	gathering		Y		55b9b2401923
gathering	public/gathering-docs/domain-photos.html	ok	gathering		Y		ee5e37b10d80
gathering	public/gathering-docs/domain-property.html	ok	gathering		Y		6bf9b5b8363a
gathering	public/gathering-docs/clearing-service-design.html	ok	gathering		Y		5a4e2a8e9df7
gathering	public/gathering-docs/next-sequence.html	ok	gathering		Y		e45a4f905a92
gathering	public/gathering-docs/crawler-service-design.html	ok	gathering		Y		80912e5e3a2d
gathering	public/gathering-docs/services-service-design.html	ok	gathering		Y		502c749466c2
gathering	public/gathering-docs/spine-observability.html	ok	gathering		Y		5fd3e8f29b21
gathering	public/gathering-docs/self-portrait.html	ok	gathering		Y		c2db52fee47a
gathering	public/gathering-docs/domain-infrastructure.html	ok	gathering		Y		2bcc79171e4c
gathering	public/gathering-docs/loom-service-design.html	ok	gathering		Y		d60f6883f952
gathering	public/gathering-docs/cadence-analysis.html	ok	gathering		Y		d5b247f477c9
gathering	public/gathering-docs/good-borg-print.html	ok	gathering		Y		0ad0b74bb150
gathering	public/gathering-docs/photos-source-richness-comparison.html	ok	gathering		Y		8b6e85428297
gathering	public/gathering-docs/homeostasis-research.html	ok	gathering		Y		eaa52c74fe40
gathering	public/gathering-docs/interaction-architecture.html	ok	gathering		Y		da8bcc64a1cf
gathering	public/gathering-docs/backup-strategy.html	ok	gathering		Y		e9dd10490211
gathering	public/gathering-docs/domain-watching.html	ok	gathering		Y		1bbce9081b8e
gathering	public/gathering-docs/domain-chorus.html	ok	gathering		Y		1a402fadc8eb
gathering	public/gathering-docs/value-stream-design.html	ok	gathering		Y		0546150db3b4
gathering	public/gathering-docs/domain-ideas.html	ok	gathering		Y		541450992389
gathering	public/practice-spine.html	ok	gathering		Y		7691eba39094
gathering	public/docs/nifi-chorus-integration-design.html	unfiled	gathering		N		aa3d743686d7
gathering	public/docs/for-dani.html	unfiled	gathering		N		086a469e0c9f
gathering	public/docs/photos-source-3way-comparison.html	unfiled	gathering		N		1aee177eae8b
gathering	public/docs/nifi-concepts.html	unfiled	gathering		N		78cb16cc4bc5
gathering	public/docs/team-timeline.html	unfiled	gathering		N		25232cdfb310
gathering	public/business-plan.html	ok	gathering		Y		5270e87366b8
gathering	public/v1-acceptance-criteria.html	ok	gathering		Y		5660e6c21c1a
gathering	public/self-ontology-sketch.html	ok	gathering		Y		309267d2ae81
gathering	public/ontology-value-stream-research.html	ok	gathering		Y		36a63af2b75e
gathering	public/gemba-analysis.html	ok	gathering		Y		ee1d20865337
gathering	public/doc-catalog.html	ok	gathering		Y		32b3f5e0b46a
gathering	public/concept-enrichment.html	ok	gathering		Y		beee20068957
gathering	public/model-data-hub.html	ok	gathering		Y		fade703602e5
gathering	public/reprompt-analytics.html	ok	gathering		Y		c027a31f32f3
gathering	public/harvest-scope.html	ok	gathering		Y		03bdac433b1b
gathering	public/homeostasis-research.html	ok	gathering		Y		0f45971f5a8f
gathering	public/voice-analytics.html	ok	gathering		Y		dbeba1d8c0c3
gathering	minimal_blog_ui_mockup.html	unfiled	gathering		N		b2f7cc93db95
gathering	data/about/ADR-002-acl-graduation-model.md	misfiled	chorus		Y		d4c0627a66b6
gathering	data/about/CONTENT_INGESTION_MATRIX.md	ok	gathering		Y		39664dba34a2
gathering	data/about/ADR-014-pod-mediated-coordination.md	misfiled	chorus		Y		9e4608cca225
gathering	data/about/SITE_MAP.md	ok	gathering		Y		1d781348ce4d
gathering	data/about/OWNER_PERSONA.md	ok	gathering		Y		3a30129fae38
gathering	data/about/USER_CAPABILITIES.md	ok	gathering		Y		2f7cc1b95412
gathering	data/about/C4-ARCHITECTURE.md	ok	gathering		Y		df312a2aca51
gathering	data/about/DOMAIN_ENDPOINT_CONTRACT.html	ok	gathering		Y		acb56484502b
gathering	data/about/ADR-005-observability-evolves-with-infrastructure.md	misfiled	chorus		Y		fd503435b1a8
gathering	data/about/API.md	ok	gathering		Y		97de449b0062
gathering	data/about/SOURCE_SEMANTICS.html	ok	gathering		Y		2aa00a6ac20e
gathering	data/about/infrastructure-constraints.md	ok	gathering		Y		d6911d7579a7
gathering	data/about/IDEA_PROJECT_LIFECYCLE.md	ok	gathering		Y		01936d8ac4ae
gathering	data/about/CONCEPTUAL_MODEL.md	ok	gathering		Y		03afa9784658
gathering	data/about/ARCHITECTURE_DECISIONS.md	ok	gathering		Y		bf5dcc19f8f7
gathering	data/about/SCALING_RDF_TRIPLES.md	ok	gathering		Y		ecbb7918aa28
gathering	data/about/ADR-009-chorus-pipeline-ontology.md	misfiled	chorus		Y		541fa5e7a9da
gathering	data/about/UNIFIED_INDEX_ARCHITECTURE.md	ok	gathering		Y		3d490389d9b9
gathering	data/about/GLOSSARY.md	ok	gathering		Y		8bf7d500bdfc
gathering	data/about/INGEST_COMPLEXITY.html	ok	gathering		Y		3768359a9d2f
gathering	data/about/ADR-007-two-machine-storage-topology.md	misfiled	chorus		Y		78e2658ab7a1
gathering	data/about/WORDPRESS-INTEGRATION.md	ok	gathering		Y		a197c5003c05
gathering	data/about/ADR-010-generalized-harvest-pipeline.md	misfiled	chorus		Y		133713fc870c
gathering	data/about/STYLE_GUIDE.md	ok	gathering		Y		9873eb94b241
gathering	data/about/ADR-012-network-bind-security.md	misfiled	chorus		Y		6646cd4f7ffb
gathering	data/about/ADR-001-observability-network-ownership.md	misfiled	chorus		Y		af8f8ba75910
gathering	data/about/ADR-006-bridge-scope-guardrail.md	misfiled	chorus		Y		e67edf79f9cd
gathering	data/about/PUBLIC_ACCESS.md	ok	gathering		Y		a725db0d1c88
gathering	data/about/_archived/SYSTEM_ARCHITECTURE.md	unfiled	archive		N		8c43b6f9fd2e
gathering	data/about/HEIDEGGER_GATHERING_RESEARCH.md	ok	gathering		Y		3b125e5db4a2
gathering	data/about/BOOK_CATALOG_WORKFLOW.md	ok	gathering		Y		5c41f48a7826
gathering	data/about/ADR-013-boundary-checking-operating-model.md	misfiled	chorus		Y		c0f24b787fd9
gathering	data/about/HARVEST_RECONCILIATION.html	ok	gathering		Y		c44fdd1ec4ea
gathering	data/about/ONTOLOGY_STATUS.md	ok	gathering		Y		27a4fed26433
gathering	data/about/ADR-003-visibility-enforcement-architecture.md	misfiled	chorus		Y		f120e116e53a
gathering	data/about/SOLID_PODS_RESEARCH.md	ok	gathering		Y		4a60e259558b
gathering	data/about/GARDEN_SETUP_FLOW.html	ok	gathering		Y		523bf698fe1f
gathering	data/about/GATHERING_README.md	ok	gathering		Y		1b868ed09e09
gathering	data/about/TECH_STACK.html	ok	gathering		Y		740dc3042d75
gathering	data/about/ADR-004-ontology-data-visualization.md	misfiled	chorus		Y		eaed8fd16416
gathering	data/about/ARCHITECTURE_PATTERNS.html	ok	gathering		Y		a83c97f8b109
gathering	data/about/GATHERING_VISION.md	ok	gathering		Y		b1e0e22c4ebe
gathering	data/about/PHOTOS_DOMAIN_ARCHITECTURE.html	ok	gathering		Y		e38d193af859
gathering	data/about/SELF_PORTRAIT.html	ok	gathering		Y		8b8986761bd2
gathering	data/about/ADR-011-production-like-deployments.md	misfiled	chorus		Y		86094d248d20
gathering	data/about/ADR-008-cross-graph-sparql-pattern.md	misfiled	chorus		Y		b256df556657
gathering	data/about/ACCESS_CONTROL_MATRIX.md	ok	gathering		Y		041afa768ff1
chorus	directing/products/cards/PRODUCT_TEMPLATE.md	unfiled	chorus		N		c4345ade26f5
chorus	platform/seeds/PRODUCT_TEMPLATE.md	unfiled	chorus		N		99e113b2310d
chorus	platform/scripts/ops-agent-prompt.md	unfiled	chorus		N		a6b3c6fdc45b
chorus	platform/api/scripts/README-scaffold.md	unfiled	chorus		N		9b6ac7100d19
chorus	platform/api/src/handlers/DOMAIN_IDENTITY.md	unfiled	chorus		N		1e4c6108a762
chorus	platform/activity.md	unfiled	chorus		N		636490d48757
chorus	platform/services/chorus-hooks/BUILD.md	unfiled	chorus		N		fb83407b0ee4
chorus	platform/services/chorus-inject/BUILD.md	unfiled	chorus		N		baf3a408e1ca
chorus	roles/wren/jeff-word-cloud.html	unfiled	chorus		N		0bbe55634aac
chorus	roles/wren/chorus-overview.md	unfiled	chorus		N		b4c05b1409c6
chorus	roles/wren/artifacts/book-sequence.html	ok	chorus		Y		ff3c984098a3
chorus	roles/wren/artifacts/book-outline.html	ok	chorus		Y		b2877793b37b
chorus	roles/wren/artifacts/chorus-toc.html	ok	chorus		Y		fca38cd59245
chorus	roles/wren/artifacts/ontology-migration-pattern.md	ok	chorus		Y		9d1f022d00f1
chorus	roles/wren/artifacts/roles-domain-design.html	ok	chorus		Y		37f277e13a90
chorus	roles/wren/artifacts/domain-policy.html	ok	chorus		Y		7731a376d7dd
chorus	roles/wren/artifacts/wren-claudemd-annotated.html	ok	chorus		Y		aafede30263c
chorus	roles/wren/self-memories.md	unfiled	chorus		N		b4a35b756769
chorus	roles/wren/designs/relationship-depth.md	unfiled	chorus		N		c1b9ddb8efd0
chorus	roles/wren/data-classification-policy.md	unfiled	chorus		N		5a68971fc210
chorus	roles/wren/practice-authoring-guidance.md	unfiled	chorus		N		33673d098e35
chorus	roles/wren/heidegger-gathering-research.md	unfiled	chorus		N		30e2a542667f
chorus	roles/wren/reconciliation-flow.html	unfiled	chorus		N		c25bce7b593d
chorus	roles/wren/self-stories.md	unfiled	chorus		N		a5f7a9855a91
chorus	roles/wren/ai-foundations.html	unfiled	chorus		N		cfe721eeec38
chorus	roles/wren/chorus-scope-diagram.html	unfiled	chorus		N		b67767a58686
chorus	roles/wren/docs/seed-pipeline-criteria.md	ok	chorus		Y		d15e2bcd794c
chorus	roles/wren/docs/gemba-as-is.md	ok	chorus		Y		1d5fcdf71a4a
chorus	roles/wren/v1-boundary.html	unfiled	chorus		N		b38ffc2dfd89
chorus	roles/wren/decisions/board-api-verb-model.md	ok	chorus		Y		2d542e808ef0
chorus	roles/wren/decisions/poppendieck-ch2-chorus-analysis.md	ok	chorus		Y		4b555298f856
chorus	roles/wren/decisions/DEC-1674-tdd-discipline.md	ok	chorus		Y		122e218c14bf
chorus	roles/wren/personas/jeff-owner-operator.md	unfiled	chorus		N		23ee7fcb4ee6
chorus	roles/wren/personas/wren-pm.md	unfiled	chorus		N		59c154be12ef
chorus	roles/wren/jeff-voice-analytics.html	unfiled	chorus		N		82b6bccacc25
chorus	roles/wren/chunks/memory.md	unfiled	chorus		N		027b51e95956
chorus	roles/wren/harvest-designs/notes.md	unfiled	chorus		N		dbc8c8b0db84
chorus	roles/wren/log-coherence-audit.html	unfiled	chorus		N		310deb3d3f43
chorus	roles/wren/self-domain-ontology-sketch.html	unfiled	chorus		N		e1fcb6301838
chorus	roles/wren/memory-architecture.html	unfiled	chorus		N		654d13230291
chorus	roles/wren/ux-walkthrough-2026-02-18.md	unfiled	chorus		N		a90b2fbeb33a
chorus	roles/wren/access-control-permutation-matrix.md	unfiled	chorus		N		f9787ed1fee2
chorus	roles/wren/capture-routing-refinement.md	unfiled	chorus		N		b0281f92bf2b
chorus	roles/wren/security-trust-model.md	unfiled	chorus		N		4800761b02e9
chorus	roles/wren/templates/harvest-design-doc.md	unfiled	chorus		N		fb812eda1eb2
chorus	roles/wren/self-relationships-sketch.md	unfiled	chorus		N		63dd14e545b5
chorus	roles/wren/jeff-practice-spine.md	unfiled	chorus		N		7d121851b08c
chorus	roles/wren/value-stream-and-domains.md	unfiled	chorus		N		a358ffb383f9
chorus	roles/wren/jeff-constitution.html	unfiled	chorus		N		33766127a359
chorus	roles/wren/proposals/v1-acceptance-criteria.md	unfiled	chorus		N		759189ff3e34
chorus	roles/wren/proposals/concept-enrichment-ontology.md	unfiled	chorus		N		9491a348b3d2
chorus	roles/wren/v1-boundary.md	unfiled	chorus		N		1c3402113250
chorus	roles/silas/fitness-test-template.md	unfiled	chorus		N		6cd59319a468
chorus	roles/silas/artifacts/silas-role.html	ok	chorus		Y		692181028b75
chorus	roles/silas/artifacts/class-diagram-products-domains.html	ok	chorus		Y		04c8897be95e
chorus	roles/silas/adr/ADR-002-acl-graduation-model.md	ok	chorus		Y		5cc8f72f6695
chorus	roles/silas/adr/ADR-014-pod-mediated-coordination.md	ok	chorus		Y		758d8480d01c
chorus	roles/silas/adr/ADR-026-ci-architecture-and-lock-file-policy.md	ok	chorus		Y		589ecad7a097
chorus	roles/silas/adr/ADR-020-product-vs-domain-typing.md	ok	chorus		Y		1c26f50b4e8f
chorus	roles/silas/adr/ADR-023-stdout-logging-standard.md	ok	chorus		Y		66fd00d19e92
chorus	roles/silas/adr/ADR-005-observability-evolves-with-infrastructure.md	ok	chorus		Y		a5260f088b90
chorus	roles/silas/adr/ADR-024-common-message-envelope.md	ok	chorus		Y		b58013bcc3e0
chorus	roles/silas/adr/ADR-025-ontology-vs-instances-graph-separation.md	ok	chorus		Y		405e978982c5
chorus	roles/silas/adr/ADR-019-native-service-architecture.md	ok	chorus		Y		44422e7b14c6
chorus	roles/silas/adr/ADR-009-chorus-pipeline-ontology.md	ok	chorus		Y		11047f4074fa
chorus	roles/silas/adr/ADR-007-two-machine-storage-topology.md	ok	chorus		Y		b966753cb541
chorus	roles/silas/adr/ADR-010-generalized-harvest-pipeline.md	ok	chorus		Y		c7c328b44a9c
chorus	roles/silas/adr/ADR-021-ontology-enforcement-model.md	ok	chorus		Y		0e472ec52954
chorus	roles/silas/adr/ADR-012-network-bind-security.md	ok	chorus		Y		2999e39f9848
chorus	roles/silas/adr/ADR-001-observability-network-ownership.md	ok	chorus		Y		cd615bd18635
chorus	roles/silas/adr/ADR-016-cross-machine-operations.md	ok	chorus		Y		63b8dc1cb95f
chorus	roles/silas/adr/ADR-006-bridge-scope-guardrail.md	ok	chorus		Y		9294b3f8c740
chorus	roles/silas/adr/ADR-022-graph-hygiene-rules.md	ok	chorus		Y		a4e84d69fae9
chorus	roles/silas/adr/ADR-013-boundary-checking-operating-model.md	ok	chorus		Y		ba6abcafbe35
chorus	roles/silas/adr/ADR-015-container-orchestration-single-host.md	ok	chorus		Y		e9ea0d6766d6
chorus	roles/silas/adr/ADR-003-visibility-enforcement-architecture.md	ok	chorus		Y		4108b9ec6bad
chorus	roles/silas/adr/ADR-004-ontology-data-visualization.md	ok	chorus		Y		c6659c9215d8
chorus	roles/silas/adr/ADR-018-xsd-model-icd-severity.md	ok	chorus		Y		a6a0869fb993
chorus	roles/silas/adr/ADR-017-enrichment-architecture.md	ok	chorus		Y		dd709ff639b0
chorus	roles/silas/adr/ADR-026-ci-architecture-and-lock-file-policy.html	ok	chorus		Y		920677d0ba43
chorus	roles/silas/adr/ADR-011-production-like-deployments.md	ok	chorus		Y		e8d04f6bb959
chorus	roles/silas/adr/ADR-008-cross-graph-sparql-pattern.md	ok	chorus		Y		d44ab5e17704
chorus	roles/silas/guardrails-and-feedback-loops.md	unfiled	chorus		N		ee28561906cf
chorus	roles/silas/infrastructure-constraints.md	unfiled	chorus		N		93200236407a
chorus	roles/silas/plans/2328-repo-cleanup-plan.md	unfiled	chorus		N		abbf3cda9859
chorus	roles/silas/system-architecture.md	unfiled	chorus		N		f42c3bfba75d
chorus	roles/silas/end-of-day-review.md	unfiled	chorus		N		dd155ce471e4
chorus	roles/silas/glossary.md	unfiled	chorus		N		cd6de76a9371
chorus	roles/silas/operations-assessment.md	unfiled	chorus		N		9c35c786239a
chorus	roles/silas/boundary-contract.md	unfiled	chorus		N		dafa43be1ac3
chorus	roles/silas/docs/nifi-photos-flow-spec.md	ok	chorus		Y		8900bcb8c38e
chorus	roles/silas/docs/merge-specification-photos.html	ok	chorus		Y		d62c4e6424be
chorus	roles/silas/docs/CONCEPTUAL_ARCHITECTURE.md	ok	chorus		Y		15208da6bd11
chorus	roles/silas/docs/borg-assimilation-pattern.html	ok	chorus		Y		e8d874e3ac40
chorus	roles/silas/docs/convergence-architecture.html	ok	chorus		Y		045bca02c9e4
chorus	roles/silas/docs/demo-as-is.md	ok	chorus		Y		de0a166c0dc5
chorus	roles/silas/docs/wardley-map-icd-product.html	ok	chorus		Y		7ff07c788622
chorus	roles/silas/docs/demo-as-is.html	ok	chorus		Y		d1bc1be36228
chorus	roles/silas/bedroom-audit-2026-03-21.md	unfiled	chorus		N		9ec4dacf6dc6
chorus	roles/silas/network-inventory.md	unfiled	chorus		N		05780b200a72
chorus	roles/silas/personas/silas-architect.md	unfiled	chorus		N		fa08499a25b7
chorus	roles/silas/ontology-status.md	unfiled	chorus		N		1c4f19bc635b
chorus	roles/silas/scratch-pair-2300.md	unfiled	chorus		N		37167ef295c7
chorus	roles/silas/conceptual-model.md	unfiled	chorus		N		6f2a87aa6f47
chorus	roles/silas/domain-registry.md	unfiled	chorus		N		15f5e05aa32d
chorus	roles/silas/spine-emitter-inventory.md	unfiled	chorus		N		c699170e79a8
chorus	roles/silas/chorus/gate-registry.md	unfiled	chorus		N		83061c789fbd
chorus	roles/silas/chorus/chorus-activity-dashboard-summary.md	unfiled	chorus		N		d423c784cf0d
chorus	roles/silas/chorus/communication-flows.md	unfiled	chorus		N		8ba794f308d1
chorus	roles/silas/logging-strategy.html	unfiled	chorus		N		0c8f60adf134
chorus	roles/silas/fuseki-graph-consolidation-map.md	unfiled	chorus		N		a3f3efa83d6c
chorus	roles/silas/sparql-scoping-audit.md	unfiled	chorus		N		7fc529e678ab
chorus	roles/silas/capability-map.md	unfiled	chorus		N		858994c0f951
chorus	roles/silas/content-ingestion-matrix.md	unfiled	chorus		N		072b6b2da74c
chorus	roles/silas/spine-architecture.md	unfiled	chorus		N		97371d020871
chorus	roles/silas/building-value-stream.md	unfiled	chorus		N		5765f3bc6005
chorus	roles/kade/artifacts/2435-callsite-audit.md	unfiled	chorus		N		2a18ffcdbb82
chorus	roles/kade/artifacts/kade-role.html	unfiled	chorus		N		f5fb6b3436db
chorus	roles/kade/artifacts/2435-0.3-drained-consumer-audit.md	unfiled	chorus		N		f1243e876e4e
chorus	roles/kade/quality-guide.md	unfiled	chorus		N		962baddf73ef
chorus	roles/kade/current-work.md	unfiled	chorus		N		a001916d13fc
chorus	roles/kade/mockup-player.html	unfiled	chorus		N		1d38325620c4
chorus	roles/kade/acl-audit-results.md	unfiled	chorus		N		dbbeab3d37cf
chorus	roles/kade/policies/test-value-draft.md	unfiled	chorus		N		9c0629732ea7
chorus	roles/kade/harvest-pipeline.html	unfiled	chorus		N		ac28bab0b1ce
chorus	roles/kade/personas/kade-engineer.md	unfiled	chorus		N		10d71f0178cc
chorus	docs/diagrams/skill-lifecycle.html	ok	chorus		Y		16b139ba4ee6
chorus	docs/diagrams/chorus-c4.html	ok	chorus		Y		0bf39571a470
chorus	designing/docs/chorus-domain-map-v2.html	ok	chorus		Y		21a2c4cd1b48
chorus	designing/docs/chorus-clearing-architecture.md	ok	chorus		Y		d1d3d7f2b5f4
chorus	designing/docs/EMERGENT_ARCHITECTURE_PAPER.md	ok	chorus		Y		4cbb84afd143
chorus	designing/docs/LIVING_ARCHITECTURE.md	ok	chorus		Y		7ce126c6c025
chorus	designing/docs/chorus-repo-structure.html	ok	chorus		Y		f6b5f7d3e3af
chorus	designing/docs/sequence-pipeline.html	ok	chorus		Y		b281ba7bb3d2
chorus	designing/docs/INTERACTION_ARCHITECTURE.html	ok	chorus		Y		e9611a4e039d
chorus	designing/docs/chorus-contracts-pattern.md	ok	chorus		Y		3c48119a876b
chorus	designing/docs/GALLERY-REFACTORING.md	ok	chorus		Y		88e9ffb92015
chorus	designing/docs/ENGINEERING_HORIZONTAL.md	ok	chorus		Y		526f7db12483
chorus	designing/docs/chorus-value-stream-deep-dive.html	ok	chorus		Y		d64bc773cc74
chorus	designing/docs/chorus-overview.md	ok	chorus		Y		cd87b59dc867
chorus	designing/docs/CHORUS_COMMAND_CARD.html	ok	chorus		Y		36d1df5779ab
chorus	designing/docs/chorus-protocol-stack-positioning.html	ok	chorus		Y		d34bd89464fe
chorus	designing/docs/CHEAT_SHEET.html	ok	chorus		Y		4861d47706cb
chorus	designing/docs/LOG_RELATEDNESS.html	ok	chorus		Y		4e48047d905b
chorus	designing/docs/INTERACTION_PATTERNS.md	ok	chorus		Y		60bdc3a81f97
chorus	designing/docs/chorus-instance-explorer.html	ok	chorus		Y		3162ba1f6930
chorus	designing/docs/chorus-hook-architecture.html	ok	chorus		Y		3d5e55900465
chorus	designing/docs/ci-pipeline-service-design.html	ok	chorus		Y		02b6e1c4b6f5
chorus	designing/docs/AI_FOUNDATIONS.html	ok	chorus		Y		cfe721eeec38
chorus	designing/docs/GUARDRAILS.md	ok	chorus		Y		dae1ce7eb588
chorus	designing/docs/COMPLETENESS_MODEL.md	ok	chorus		Y		d4f66471c2a1
chorus	designing/docs/SYSTEM_MODEL.md	ok	chorus		Y		0d1d3935496c
chorus	designing/docs/chorus-standards.html	ok	chorus		Y		34edd915c08c
chorus	designing/docs/chorus-roadmap.html	ok	chorus		Y		bac4ee5012ce
chorus	designing/docs/pulse-service-design.md	ok	chorus		Y		eb1d7b2bacb8
chorus	designing/docs/context-service-brief.md	ok	chorus		Y		899f96f54509
chorus	designing/docs/doc-triage-rules.md	ok	chorus	wren	Y	doc-management, km	be9dcc40c0e6
chorus	designing/docs/attention-architecture.html	ok	chorus		Y		1f95215e8b5c
chorus	designing/docs/chorus-domain-map-v3.html	ok	chorus		Y		337c211274b4
chorus	designing/docs/social-contagion-and-framing-research.html	ok	chorus		Y		f0e54a8163e3
chorus	designing/docs/chorus-data-model.html	ok	chorus		Y		0d193100dc03
chorus	designing/docs/roles-service-design.md	ok	chorus		Y		e6ca9091a9f9
chorus	designing/docs/gate-registry.md	ok	chorus		Y		916aa94133d6
chorus	designing/docs/chorus-spine.html	ok	chorus		Y		b5107601432a
chorus	designing/docs/PAIR_PROGRAMMING_RESEARCH.md	ok	chorus		Y		781b990c4aca
chorus	designing/docs/chorus-nervous-system.html	ok	chorus		Y		85d7fb6c28c1
chorus	designing/docs/context-service-design.md	ok	chorus		Y		65fc65374a34
chorus	designing/docs/chorus-service-design.html	ok	chorus		Y		8e2f989f4825
chorus	designing/docs/ICD_COMPARE_NOTES.html	ok	chorus		Y		537d3eb18bd5
chorus	designing/docs/social-contagion-and-framing-research.md	ok	chorus		Y		7a78120055d4
chorus	designing/docs/MEMORY_ARCHITECTURE.html	ok	chorus		Y		654d13230291
chorus	designing/docs/LOG_TOPOLOGY.html	ok	chorus		Y		49ffb2930461
chorus	designing/docs/WARDLEY_MAP_ICD.html	ok	chorus		Y		3d61edf65eee
chorus	designing/docs/system-model-thinking.html	ok	chorus		Y		aa1c38f54ad4
chorus	designing/docs/borg-mitosis.html	ok	chorus		Y		4942ca5b640e
chorus	designing/docs/POSTURE_STRIP.html	ok	chorus		Y		cb8fb6c23d53
chorus	designing/docs/GOOD_BORG_PRINT.html	ok	chorus		Y		cd9ca52ba4e0
chorus	designing/docs/FRESHNESS_MANIFEST.md	ok	chorus		Y		00c8176cb6a8
chorus	designing/docs/chorus-er-diagram.html	ok	chorus		Y		4c99bfcfe74d
chorus	designing/docs/ci-pipeline-service-design.md	ok	chorus		Y		f14af0ba084c
chorus	designing/docs/chorus-scope-diagram.html	ok	chorus		Y		b67767a58686
chorus	designing/docs/CONVERGENCE_ARCHITECTURE.html	ok	chorus		Y		045bca02c9e4
chorus	designing/docs/TESTING.md	ok	chorus		Y		44a72f592fee
chorus	designing/docs/card-completion-pipeline.html	ok	chorus		Y		adb16c03c6ff
chorus	designing/docs/chorus-reference-model.html	ok	chorus		Y		252541803a84
chorus	designing/docs/chorus-consulting.html	ok	chorus		Y		3a40ef882067
chorus	designing/docs/ci-harness-research-brief.html	ok	chorus		Y		cbddb9023dad
chorus	designing/docs/chorus-distribution-assessment.html	ok	chorus		Y		f7a2760e3827
chorus	designing/docs/context-push-envelope-reshape.md	ok	chorus		Y		0c49b18ff3a8
chorus	designing/docs/CHORUS_SDK.md	ok	chorus		Y		8feb60e7d540
chorus	designing/docs/chorus-wardley.html	ok	chorus		Y		ba406f629b3f
chorus	designing/docs/SOLID-AUTHENTICATION.md	ok	chorus		Y		99d7d11fad74
chorus	designing/docs/cockpit-brief.md	ok	chorus		Y		61bdff197920
chorus	designing/docs/context-api-endpoint-audit.md	ok	chorus		Y		a57486ca5115
chorus	designing/docs/sequence-demo.html	ok	chorus		Y		eaa3d2be166a
chorus	designing/docs/GOOD_BORG.html	ok	chorus		Y		5bb1303559fc
chorus	designing/docs/canonical-namespaces.md	ok	chorus		Y		63f5b78d35c4
chorus	designing/docs/book-outline.md	ok	chorus		Y		b9a82d16e439
chorus	designing/docs/borg-service-design.md	ok	chorus		Y		66365128aa93
chorus	designing/docs/chorus-activity-dashboard-summary.md	ok	chorus		Y		d423c784cf0d
chorus	designing/docs/chorus-structural-audit.html	ok	chorus		Y		75a9f75f1003
chorus	designing/docs/chorus-hooks-circulatory-system.html	ok	chorus		Y		4697904501c6
chorus	designing/docs/chorus-model-data.html	ok	chorus		Y		dcd53f6d24da
chorus	designing/docs/nudge-service-design.md	ok	chorus		Y		49d8d87402f6
chorus	designing/docs/chorus-consolidation-proposal.md	ok	chorus		Y		19df5527f1fa
chorus	designing/docs/chorus-domain-decomposition.html	ok	chorus		Y		17a1806d5a82
chorus	designing/docs/context-endpoint-schemas.md	ok	chorus		Y		3568311e94b8
chorus	designing/docs/ICD_TEST_STRATEGY.html	ok	chorus		Y		440c8471cd59
chorus	designing/docs/cockpit-v0.md	ok	chorus		Y		41acf649a33a
chorus	designing/docs/doc-ownership-schema.md	ok	chorus	wren	Y	doc-management, km	5f0f5e83a6e9
chorus	designing/docs/quality-service-design.md	ok	chorus		Y		4b9d4a5fa82b
chorus	designing/docs/mcp-server-design.md	ok	chorus		Y		c20e19ee1126
chorus	designing/docs/cockpit-mockup.html	ok	chorus		Y		fc6dc4f7540c
chorus	designing/docs/chorus-client-onboarding-design.html	ok	chorus		Y		eae0730c389c
chorus	designing/docs/ATTENTION_ARCHITECTURE.html	ok	chorus		Y		e862adbde566
chorus	designing/docs/HOMEOSTASIS_RESEARCH.html	ok	chorus		Y		e1ab2d3cc571
chorus	designing/docs/ICD_PROCESS_FLOW.html	ok	chorus		Y		09a06cc7df24
chorus	designing/docs/sequence-nudge.html	ok	chorus		Y		99f4dc89ebb1
chorus	designing/docs/chorus-perf-suite-design.md	ok	chorus		Y		3a643b0c3ea2
chorus	designing/docs/chorus-readme.md	ok	chorus		Y		8d16a4520efb
chorus	designing/docs/CADENCE_ANALYSIS.html	ok	chorus		Y		75a90bd1d8c2
chorus	designing/docs/spine-observability.html	ok	chorus		Y		6f406f60fcd1
chorus	designing/docs/BORG_ASSIMILATION_PATTERN.html	ok	chorus		Y		e8d874e3ac40
chorus	designing/docs/INFRASTRUCTURE.md	ok	chorus		Y		86730c17d002
chorus	designing/docs/NEXT_SEQUENCE.html	ok	chorus		Y		ebb13529230f
chorus	designing/docs/services-service-design.md	ok	chorus		Y		26c2558108ad
chorus	designing/docs/NUDGE_BRIDGE.md	ok	chorus		Y		be8158d156e5
chorus	designing/docs/agent-experience.md	ok	chorus		Y		11cfbdbb5de9
chorus	designing/docs/chorus-contracts.md	ok	chorus		Y		0e597ef3fc8b
chorus	designing/docs/STARTUP_PROCESS.md	ok	chorus		Y		be6d9f2ebe9c
chorus	designing/docs/PRODUCT_TAXONOMY.md	ok	chorus		Y		1503c975e3ac
chorus	designing/docs/KADE_ROLE.html	ok	chorus		Y		d5994b7b18d8
chorus	designing/docs/communication-flows.md	ok	chorus		Y		8ba794f308d1
chorus	designing/docs/chorus-product-decomposition.md	ok	chorus		Y		e411dd9622cf
chorus	designing/docs/chorus-method-map.md	ok	chorus		Y		27351f97b217
chorus	designing/docs/chorus-context-diagram-v2.html	ok	chorus		Y		21a2392f534a
chorus	designing/decisions/DEC-2311-hook-decomposition.md	ok	chorus		Y		1decc1fd439e
chorus	designing/decisions/DEC-2209-no-compiled-siblings.md	ok	chorus		Y		783fd1a896d3
chorus	designing/decisions/DEC-1816-repo-namespace.md	ok	chorus		Y		891fb9e3956e
chorus	designing/decisions/gathering-data-about-decisions.md	ok	chorus		Y		18c1b96e38d9
chorus	knowledge/doc-coherence.md	unfiled	chorus		N		f500be434525
chorus	ceremony-roi.md	unfiled	chorus		N		cd9b245beabd
chorus	activity.md	unfiled	chorus		N		5dcfde578d2c
chorus	building/products/convergence/PIPELINE_MANIFEST.md	unfiled	chorus		N		aa7e590c7acb
chorus	building/skill/SKILL.md	unfiled	chorus		N		f2f412ca0535
chorus	building/nudges/nudges.md	unfiled	chorus		N		613f8ae929d9
